{
    "model": {
        "type": "minecraft:condition",
        "property": "minecraft:using_item",
        "on_false": {
            "type": "minecraft:range_dispatch",
            "property": "minecraft:custom_model_data",
            "index": 0,
            "entries": [
                {
                    "threshold": 1450104,
                    "model": {
                        "type": "minecraft:model",
                        "model": "incendium:item/trailblazer"
                    }
                },
                {
                    "threshold": 1450105,
                    "model": {
                        "type": "minecraft:model",
                        "model": "incendium:item/ragnarok"
                    }
                },
                {
                    "threshold": 1451104,
                    "model": {
                        "type": "minecraft:model",
                        "model": "incendium:item/trailblazer"
                    }
                },
                {
                    "threshold": 1451105,
                    "model": {
                        "type": "minecraft:model",
                        "model": "incendium:item/ragnarok"
                    }
                },
                {
                    "threshold": 1452104,
                    "model": {
                        "type": "minecraft:model",
                        "model": "incendium:item/trailblazer"
                    }
                },
                {
                    "threshold": 1452105,
                    "model": {
                        "type": "minecraft:model",
                        "model": "incendium:item/ragnarok"
                    }
                },
                {
                    "threshold": 1453104,
                    "model": {
                        "type": "minecraft:model",
                        "model": "incendium:item/trailblazer"
                    }
                },
                {
                    "threshold": 1453105,
                    "model": {
                        "type": "minecraft:model",
                        "model": "incendium:item/ragnarok"
                    }
                },
                {
                    "threshold": 1454104,
                    "model": {
                        "type": "minecraft:model",
                        "model": "incendium:item/trailblazer"
                    }
                },
                {
                    "threshold": 1454105,
                    "model": {
                        "type": "minecraft:model",
                        "model": "incendium:item/ragnarok"
                    }
                },
                {
                    "threshold": 1454106,
                    "model": {
                        "type": "minecraft:model",
                        "model": "minecraft:item/bow"
                    }
                }
            ],
            "fallback": {
                "type": "minecraft:model",
                "model": "minecraft:item/bow"
            }
        },
        "on_true": {
            "type": "minecraft:range_dispatch",
            "property": "minecraft:use_duration",
            "scale": 0.05,
            "entries": [
                {
                    "threshold": 0.65,
                    "model": {
                        "type": "minecraft:range_dispatch",
                        "property": "minecraft:custom_model_data",
                        "index": 0,
                        "entries": [
                            {
                                "threshold": 1450104,
                                "model": {
                                    "type": "minecraft:model",
                                    "model": "incendium:item/trailblazer/pulling_1"
                                }
                            },
                            {
                                "threshold": 1450105,
                                "model": {
                                    "type": "minecraft:model",
                                    "model": "incendium:item/ragnarok/pulling_1"
                                }
                            },
                            {
                                "threshold": 1451104,
                                "model": {
                                    "type": "minecraft:model",
                                    "model": "incendium:item/trailblazer/pulling_1"
                                }
                            },
                            {
                                "threshold": 1451105,
                                "model": {
                                    "type": "minecraft:model",
                                    "model": "incendium:item/ragnarok/pulling_1"
                                }
                            },
                            {
                                "threshold": 1452104,
                                "model": {
                                    "type": "minecraft:model",
                                    "model": "incendium:item/trailblazer/pulling_1"
                                }
                            },
                            {
                                "threshold": 1452105,
                                "model": {
                                    "type": "minecraft:model",
                                    "model": "incendium:item/ragnarok/pulling_1"
                                }
                            },
                            {
                                "threshold": 1453104,
                                "model": {
                                    "type": "minecraft:model",
                                    "model": "incendium:item/trailblazer/pulling_1"
                                }
                            },
                            {
                                "threshold": 1453105,
                                "model": {
                                    "type": "minecraft:model",
                                    "model": "incendium:item/ragnarok/pulling_1"
                                }
                            },
                            {
                                "threshold": 1454104,
                                "model": {
                                    "type": "minecraft:model",
                                    "model": "incendium:item/trailblazer/pulling_1"
                                }
                            },
                            {
                                "threshold": 1454105,
                                "model": {
                                    "type": "minecraft:model",
                                    "model": "incendium:item/ragnarok/pulling_1"
                                }
                            },
                            {
                                "threshold": 1454106,
                                "model": {
                                    "type": "minecraft:model",
                                    "model": "minecraft:item/bow_pulling_1"
                                }
                            }
                        ],
                        "fallback": {
                            "type": "minecraft:model",
                            "model": "minecraft:item/bow_pulling_1"
                        }
                    }
                },
                {
                    "threshold": 0.9,
                    "model": {
                        "type": "minecraft:range_dispatch",
                        "property": "minecraft:custom_model_data",
                        "index": 0,
                        "entries": [
                            {
                                "threshold": 1450104,
                                "model": {
                                    "type": "minecraft:model",
                                    "model": "incendium:item/trailblazer/pulling_2"
                                }
                            },
                            {
                                "threshold": 1450105,
                                "model": {
                                    "type": "minecraft:model",
                                    "model": "incendium:item/ragnarok/pulling_2"
                                }
                            },
                            {
                                "threshold": 1451104,
                                "model": {
                                    "type": "minecraft:model",
                                    "model": "incendium:item/trailblazer/pulling_3"
                                }
                            },
                            {
                                "threshold": 1451105,
                                "model": {
                                    "type": "minecraft:model",
                                    "model": "incendium:item/ragnarok/pulling_3"
                                }
                            },
                            {
                                "threshold": 1452104,
                                "model": {
                                    "type": "minecraft:model",
                                    "model": "incendium:item/trailblazer/pulling_4"
                                }
                            },
                            {
                                "threshold": 1452105,
                                "model": {
                                    "type": "minecraft:model",
                                    "model": "incendium:item/ragnarok/pulling_4"
                                }
                            },
                            {
                                "threshold": 1453104,
                                "model": {
                                    "type": "minecraft:model",
                                    "model": "incendium:item/trailblazer/pulling_5"
                                }
                            },
                            {
                                "threshold": 1453105,
                                "model": {
                                    "type": "minecraft:model",
                                    "model": "incendium:item/ragnarok/pulling_5"
                                }
                            },
                            {
                                "threshold": 1454104,
                                "model": {
                                    "type": "minecraft:model",
                                    "model": "incendium:item/trailblazer/pulling_6"
                                }
                            },
                            {
                                "threshold": 1454105,
                                "model": {
                                    "type": "minecraft:model",
                                    "model": "incendium:item/ragnarok/pulling_6"
                                }
                            },
                            {
                                "threshold": 1454106,
                                "model": {
                                    "type": "minecraft:model",
                                    "model": "minecraft:item/bow_pulling_2"
                                }
                            }
                        ],
                        "fallback": {
                            "type": "minecraft:model",
                            "model": "minecraft:item/bow_pulling_2"
                        }
                    }
                }
            ],
            "fallback": {
                "type": "minecraft:range_dispatch",
                "property": "minecraft:custom_model_data",
                "index": 0,
                "entries": [
                    {
                        "threshold": 1450104,
                        "model": {
                            "type": "minecraft:model",
                            "model": "incendium:item/trailblazer/pulling_0"
                        }
                    },
                    {
                        "threshold": 1450105,
                        "model": {
                            "type": "minecraft:model",
                            "model": "incendium:item/ragnarok/pulling_0"
                        }
                    },
                    {
                        "threshold": 1451104,
                        "model": {
                            "type": "minecraft:model",
                            "model": "incendium:item/trailblazer/pulling_0"
                        }
                    },
                    {
                        "threshold": 1451105,
                        "model": {
                            "type": "minecraft:model",
                            "model": "incendium:item/ragnarok/pulling_0"
                        }
                    },
                    {
                        "threshold": 1452104,
                        "model": {
                            "type": "minecraft:model",
                            "model": "incendium:item/trailblazer/pulling_0"
                        }
                    },
                    {
                        "threshold": 1452105,
                        "model": {
                            "type": "minecraft:model",
                            "model": "incendium:item/ragnarok/pulling_0"
                        }
                    },
                    {
                        "threshold": 1453104,
                        "model": {
                            "type": "minecraft:model",
                            "model": "incendium:item/trailblazer/pulling_0"
                        }
                    },
                    {
                        "threshold": 1453105,
                        "model": {
                            "type": "minecraft:model",
                            "model": "incendium:item/ragnarok/pulling_0"
                        }
                    },
                    {
                        "threshold": 1454104,
                        "model": {
                            "type": "minecraft:model",
                            "model": "incendium:item/trailblazer/pulling_0"
                        }
                    },
                    {
                        "threshold": 1454105,
                        "model": {
                            "type": "minecraft:model",
                            "model": "incendium:item/ragnarok/pulling_0"
                        }
                    },
                    {
                        "threshold": 1454106,
                        "model": {
                            "type": "minecraft:model",
                            "model": "minecraft:item/bow_pulling_0"
                        }
                    }
                ],
                "fallback": {
                    "type": "minecraft:model",
                    "model": "minecraft:item/bow_pulling_0"
                }
            }
        }
    }
}