{
  "model": {
    "type": "minecraft:select",
    "property": "minecraft:charge_type",
    "cases": [
      {
        "when": "arrow",
        "model": {
          "type": "minecraft:range_dispatch",
          "property": "minecraft:custom_model_data",
          "index": 0,
          "entries": [
            { "threshold": 1450100, "model": { "type": "minecraft:model", "model": "incendium:item/patron/holy_wrath/arrow" } },
            { "threshold": 1450101, "model": { "type": "minecraft:model", "model": "incendium:item/firestorm/arrow" } },
            { "threshold": 1450102, "model": { "type": "minecraft:model", "model": "incendium:item/multiplex/arrow" } },
            { "threshold": 1450103, "model": { "type": "minecraft:model", "model": "incendium:item/sentrys_wrath/arrow" } },
            { "threshold": 1450104, "model": { "type": "minecraft:model", "model": "minecraft:item/crossbow_arrow" } }
          ],
          "fallback": { "type": "minecraft:model", "model": "minecraft:item/crossbow_arrow" }
        }
      },
      {
        "when": "rocket",
        "model": {
          "type": "minecraft:range_dispatch",
          "property": "minecraft:custom_model_data",
          "index": 0,
          "entries": [
            { "threshold": 1450100, "model": { "type": "minecraft:model", "model": "incendium:item/patron/holy_wrath/firework" } },
            { "threshold": 1450101, "model": { "type": "minecraft:model", "model": "incendium:item/firestorm/firework" } },
            { "threshold": 1450102, "model": { "type": "minecraft:model", "model": "incendium:item/multiplex/firework" } },
            { "threshold": 1450103, "model": { "type": "minecraft:model", "model": "incendium:item/sentrys_wrath/firework" } },
            { "threshold": 1450104, "model": { "type": "minecraft:model", "model": "minecraft:item/crossbow_firework" } }
          ],
          "fallback": { "type": "minecraft:model", "model": "minecraft:item/crossbow_firework" }
        }
      }
    ],
    "fallback": {
      "type": "minecraft:condition",
      "property": "minecraft:using_item",

      "on_false": {
        "type": "minecraft:range_dispatch",
        "property": "minecraft:custom_model_data",
        "index": 0,
        "entries": [
          { "threshold": 1450100, "model": { "type": "minecraft:model", "model": "incendium:item/patron/holy_wrath" } },
          { "threshold": 1450101, "model": { "type": "minecraft:model", "model": "incendium:item/firestorm" } },
          { "threshold": 1450102, "model": { "type": "minecraft:model", "model": "incendium:item/multiplex" } },
          { "threshold": 1450103, "model": { "type": "minecraft:model", "model": "incendium:item/sentrys_wrath" } },
          { "threshold": 1450104, "model": { "type": "minecraft:model", "model": "minecraft:item/crossbow" } }
        ],
        "fallback": { "type": "minecraft:model", "model": "minecraft:item/crossbow" }
      },

      "on_true": {
        "type": "minecraft:range_dispatch",
        "property": "minecraft:crossbow/pull",
        "entries": [
          {
            "threshold": 0.58,
            "model": {
              "type": "minecraft:range_dispatch",
              "property": "minecraft:custom_model_data",
              "index": 0,
              "entries": [
                { "threshold": 1450100, "model": { "type": "minecraft:model", "model": "incendium:item/patron/holy_wrath/pulling_1" } },
                { "threshold": 1450101, "model": { "type": "minecraft:model", "model": "incendium:item/firestorm/pulling_1" } },
                { "threshold": 1450102, "model": { "type": "minecraft:model", "model": "incendium:item/multiplex/pulling_1" } },
                { "threshold": 1450103, "model": { "type": "minecraft:model", "model": "incendium:item/sentrys_wrath/pulling_1" } },
                { "threshold": 1450104, "model": { "type": "minecraft:model", "model": "minecraft:item/crossbow_pulling_1" } }
              ],
              "fallback": { "type": "minecraft:model", "model": "minecraft:item/crossbow_pulling_1" }
            }
          },
          {
            "threshold": 1.0,
            "model": {
              "type": "minecraft:range_dispatch",
              "property": "minecraft:custom_model_data",
              "index": 0,
              "entries": [
                { "threshold": 1450100, "model": { "type": "minecraft:model", "model": "incendium:item/patron/holy_wrath/pulling_2" } },
                { "threshold": 1450101, "model": { "type": "minecraft:model", "model": "incendium:item/firestorm/pulling_2" } },
                { "threshold": 1450102, "model": { "type": "minecraft:model", "model": "incendium:item/multiplex/pulling_2" } },
                { "threshold": 1450103, "model": { "type": "minecraft:model", "model": "incendium:item/sentrys_wrath/pulling_2" } },
                { "threshold": 1450104, "model": { "type": "minecraft:model", "model": "minecraft:item/crossbow_pulling_2" } }
              ],
              "fallback": { "type": "minecraft:model", "model": "minecraft:item/crossbow_pulling_2" }
            }
          }
        ],
        "fallback": {
          "type": "minecraft:range_dispatch",
          "property": "minecraft:custom_model_data",
          "index": 0,
          "entries": [
            { "threshold": 1450100, "model": { "type": "minecraft:model", "model": "incendium:item/patron/holy_wrath/pulling_0" } },
            { "threshold": 1450101, "model": { "type": "minecraft:model", "model": "incendium:item/firestorm/pulling_0" } },
            { "threshold": 1450102, "model": { "type": "minecraft:model", "model": "incendium:item/multiplex/pulling_0" } },
            { "threshold": 1450103, "model": { "type": "minecraft:model", "model": "incendium:item/sentrys_wrath/pulling_0" } },
            { "threshold": 1450104, "model": { "type": "minecraft:model", "model": "minecraft:item/crossbow_pulling_0" } }
          ],
          "fallback": { "type": "minecraft:model", "model": "minecraft:item/crossbow_pulling_0" }
        }
      }
    }
  }
}
