{
  "model": {
    "type": "minecraft:select",
    "property": "minecraft:custom_model_data",
    "index": 0,
    "cases": [
      {
        "when": "moon_exponentialsword",
        "model": {
          "type": "minecraft:model",
          "model": "resourcepack_1:weapons/exponentialsword"
        }
      }
    ],
    "fallback": {
      "type": "minecraft:range_dispatch",
      "property": "minecraft:custom_model_data",
      "index": 0,
      "entries": [
        {
          "threshold": 1450003,
          "model": { "type": "minecraft:model", "model": "incendium:item/chilling" }
        },
        {
          "threshold": 1450004,
          "model": { "type": "minecraft:model", "model": "minecraft:item/diamond_sword" }
        }
      ],
      "fallback": { "type": "minecraft:model", "model": "minecraft:item/diamond_sword" }
    }
  }
}