{
  "model": {
    "type": "minecraft:range_dispatch",
    "property": "minecraft:custom_model_data",
    "index": 0,
    "entries": [
      {
        "threshold": 1450007,
        "model": { "type": "minecraft:model", "model": "incendium:item/withersbane" }
      },
      {
        "threshold": 1450008,
        "model": { "type": "minecraft:model", "model": "minecraft:item/golden_sword" }
      }
    ],
    "fallback": { "type": "minecraft:model", "model": "minecraft:item/golden_sword" }
  }
}
