{
    "model": {
        "type": "minecraft:range_dispatch",
        "property": "minecraft:custom_model_data",
        "index": 0,
        "entries": [
            {
                "threshold": 1450000,
                "model": {
                    "type": "minecraft:model",
                    "model": "incendium:item/patron/daybreaker"
                }
            },
            {
                "threshold": 1450001,
                "model": {
                    "type": "minecraft:model",
                    "model": "incendium:item/patron/witherblade"
                }
            },
            {
                "threshold": 1450002,
                "model": {
                    "type": "minecraft:model",
                    "model": "minecraft:item/netherite_sword"
                }
            },
            {
                "threshold": 1450003,
                "model": {
                    "type": "minecraft:model",
                    "model": "incendium:item/chilling"
                }
            },
            {
                "threshold": 1450004,
                "model": {
                    "type": "minecraft:model",
                    "model": "incendium:item/sacrifice"
                }
            },
            {
                "threshold": 1450005,
                "model": {
                    "type": "minecraft:model",
                    "model": "incendium:item/vampire"
                }
            },
            {
                "threshold": 1450006,
                "model": {
                    "type": "minecraft:model",
                    "model": "minecraft:item/netherite_sword"
                }
            }
        ],
        "fallback": {
            "type": "minecraft:model",
            "model": "minecraft:item/netherite_sword"
        }
    }
}