{
  "model": {
    "type": "minecraft:range_dispatch",
    "property": "minecraft:custom_model_data",
    "index": 0,
    "entries": [
      {
        "threshold": 1450501,
        "model": { "type": "minecraft:model", "model": "incendium:item/charm" }
      },
      {
        "threshold": 1450502,
        "model": { "type": "minecraft:model", "model": "minecraft:item/netherite_scrap" }
      }
    ],
    "fallback": { "type": "minecraft:model", "model": "minecraft:item/netherite_scrap" }
  }
}
