{
  "model": {
    "type": "minecraft:range_dispatch",
    "property": "minecraft:custom_model_data",
    "index": 0,
    "entries": [
      {
        "threshold": 1450500,
        "model": {
          "type": "minecraft:model",
          "model": "incendium:item/hefty"
        }
      },
      {
        "threshold": 1450501,
        "model": {
          "type": "minecraft:model",
          "model": "minecraft:item/netherite_pickaxe"
        }
      }
    ],
    "fallback": {
      "type": "minecraft:model",
      "model": "minecraft:item/netherite_pickaxe"
    }
  }
}