{
  "model": {
    "type": "minecraft:range_dispatch",
    "property": "minecraft:custom_model_data",
    "entries": [
      {
        "threshold": 1450300,
        "model": {
          "type": "minecraft:condition",
          "property": "minecraft:using_item",
          "on_true": {
            "type": "minecraft:model",
            "model": "incendium:item/necrotic/shield_block"
          },
          "on_false": {
            "type": "minecraft:model",
            "model": "incendium:item/necrotic/shield"
          }
        }
      },
      {
        "threshold": 1450301,
        "model": {
          "type": "minecraft:condition",
          "property": "minecraft:using_item",
          "on_true": {
            "type": "minecraft:model",
            "model": "incendium:item/prismatic/shield_block"
          },
          "on_false": {
            "type": "minecraft:model",
            "model": "incendium:item/prismatic/shield"
          }
        }
      },
      {
        "threshold": 1450302,
        "model": {
          "type": "minecraft:condition",
          "property": "minecraft:using_item",
          "on_true": {
            "type": "minecraft:model",
            "model": "incendium:item/radiation/shield_block"
          },
          "on_false": {
            "type": "minecraft:model",
            "model": "incendium:item/radiation/shield"
          }
        }
      },
      {
        "threshold": 1450303,
        "model": {
          "type": "minecraft:condition",
          "property": "minecraft:using_item",
          "on_true": {
            "type": "minecraft:model",
            "model": "incendium:item/prismatic/shield_block1"
          },
          "on_false": {
            "type": "minecraft:model",
            "model": "incendium:item/prismatic/shield1"
          }
        }
      }
    ],
    "fallback": {
      "type": "minecraft:condition",
      "property": "minecraft:using_item",
      "on_true": {
        "type": "minecraft:special",
        "base": "minecraft:item/shield_blocking",
        "model": {
          "type": "minecraft:shield"
        }
      },
      "on_false": {
        "type": "minecraft:special",
        "base": "minecraft:item/shield",
        "model": {
          "type": "minecraft:shield"
        }
      }
    }
  }
}
