{
	"format_version": "1.21.6",
	"credit": "Made with Blockbench",
	"textures": {
		"1": "mooncraft:item/amulets/master_explorer_amulet",
		"particle": "mooncraft:item/amulets/master_explorer_amulet"
	},
	"elements": [
		{
			"name": "Head",
			"from": [4.35, 6, 7.35],
			"to": [11.65, 13.3, 14.65],
			"rotation": {"angle": 0, "axis": "y", "origin": [8, 10, 11]},
			"faces": {
				"north": {"uv": [2, 2, 4, 4], "texture": "#1"},
				"east": {"uv": [0, 2, 2, 4], "texture": "#1"},
				"south": {"uv": [6, 2, 8, 4], "texture": "#1"},
				"west": {"uv": [4, 2, 6, 4], "texture": "#1"},
				"up": {"uv": [2, 2, 4, 0], "texture": "#1"},
				"down": {"uv": [4, 0, 6, 2], "texture": "#1"}
			}
		},
		{
			"name": "Hat Layer",
			"from": [3.85, 5.75, 7],
			"to": [12.05, 13.6, 15.1],
			"rotation": {"angle": 0, "axis": "y", "origin": [8, 10, 11]},
			"faces": {
				"north": {"uv": [10, 2, 12, 4], "texture": "#1"},
				"east": {"uv": [8, 2, 10, 4], "texture": "#1"},
				"south": {"uv": [14, 2, 16, 4], "texture": "#1"},
				"west": {"uv": [12, 2, 14, 4], "texture": "#1"},
				"up": {"uv": [10, 2, 12, 0], "texture": "#1"},
				"down": {"uv": [12, 0, 14, 2], "texture": "#1"}
			}
		},
		{
			"name": "Left Arm",
			"from": [9.5, 4, 7.08248],
			"to": [11, 6, 13.08248],
			"rotation": {"angle": -22.5, "axis": "x", "origin": [12.54619, 5, 9.15224]},
			"faces": {
				"north": {"uv": [9.75, 12, 10.5, 13], "rotation": 180, "texture": "#1"},
				"east": {"uv": [10.75, 13, 9.75, 16], "rotation": 270, "texture": "#1"},
				"south": {"uv": [9, 12, 9.75, 13], "texture": "#1"},
				"west": {"uv": [9, 13, 8, 16], "rotation": 90, "texture": "#1"},
				"up": {"uv": [9, 13, 9.75, 16], "rotation": 180, "texture": "#1"},
				"down": {"uv": [11.5, 13, 10.75, 16], "texture": "#1"}
			}
		},
		{
			"name": "Left Arm Layer",
			"from": [9.4, 3.9, 6.98248],
			"to": [11.1, 6.1, 13.18248],
			"rotation": {"angle": -22.5, "axis": "x", "origin": [12.54619, 5, 9.15224]},
			"faces": {
				"north": {"uv": [13.75, 12, 14.5, 13], "rotation": 180, "texture": "#1"},
				"east": {"uv": [14.75, 13, 13.75, 16], "rotation": 270, "texture": "#1"},
				"south": {"uv": [13, 12, 13.75, 13], "texture": "#1"},
				"west": {"uv": [13, 13, 12, 16], "rotation": 90, "texture": "#1"},
				"up": {"uv": [13, 13, 13.75, 16], "rotation": 180, "texture": "#1"},
				"down": {"uv": [14.75, 13, 15.75, 16], "texture": "#1"}
			}
		},
		{
			"name": "RightArm",
			"from": [5, 4.34246, 6.979],
			"to": [6.5, 6.34246, 12.979],
			"rotation": {"angle": -20, "axis": "x", "origin": [5.50663, 5.34246, 9.979]},
			"faces": {
				"north": {"uv": [11.75, 4, 12.5, 5], "rotation": 180, "texture": "#1"},
				"east": {"uv": [12.75, 5, 11.75, 8], "rotation": 270, "texture": "#1"},
				"south": {"uv": [11, 4, 11.75, 5], "texture": "#1"},
				"west": {"uv": [11, 5, 10, 8], "rotation": 90, "texture": "#1"},
				"up": {"uv": [11, 5, 11.75, 8], "rotation": 180, "texture": "#1"},
				"down": {"uv": [13.5, 5, 12.75, 8], "texture": "#1"}
			}
		},
		{
			"name": "Right Arm Layer",
			"from": [4.88, 4.24246, 6.879],
			"to": [6.68, 6.44246, 13.079],
			"rotation": {"angle": -20, "axis": "x", "origin": [5.50663, 5.34246, 9.979]},
			"faces": {
				"north": {"uv": [11.75, 8, 12.5, 9], "rotation": 180, "texture": "#1"},
				"east": {"uv": [12.75, 9, 13.5, 12], "rotation": 270, "texture": "#1"},
				"south": {"uv": [11, 8, 11.75, 9], "texture": "#1"},
				"west": {"uv": [11, 9, 10, 12], "rotation": 90, "texture": "#1"},
				"up": {"uv": [11, 9, 11.75, 12], "rotation": 180, "texture": "#1"},
				"down": {"uv": [11.75, 9, 12.75, 12], "texture": "#1"}
			}
		},
		{
			"name": "Left Leg",
			"from": [5.9, 0, 3.9],
			"to": [8.1, 2.2, 10.1],
			"rotation": {"angle": 22.5, "axis": "y", "origin": [8, 2, 11]},
			"faces": {
				"north": {"uv": [2, 4, 3, 5], "rotation": 180, "texture": "#1"},
				"east": {"uv": [3, 5, 2, 8], "rotation": 270, "texture": "#1"},
				"south": {"uv": [1, 4, 2, 5], "rotation": 180, "texture": "#1"},
				"west": {"uv": [0, 8, 1, 5], "rotation": 270, "texture": "#1"},
				"up": {"uv": [2, 5, 1, 8], "rotation": 180, "texture": "#1"},
				"down": {"uv": [4, 8, 3, 5], "rotation": 180, "texture": "#1"}
			}
		},
		{
			"name": "Left Leg Layer",
			"from": [5.8, -0.1, 3.8],
			"to": [8.2, 2.3, 10.2],
			"rotation": {"angle": 22.5, "axis": "y", "origin": [8, 2, 11]},
			"faces": {
				"north": {"uv": [2, 8, 3, 9], "rotation": 180, "texture": "#1"},
				"east": {"uv": [3, 9, 2, 12], "rotation": 270, "texture": "#1"},
				"south": {"uv": [1, 8, 2, 9], "rotation": 180, "texture": "#1"},
				"west": {"uv": [0, 12, 1, 9], "rotation": 270, "texture": "#1"},
				"up": {"uv": [2, 9, 1, 12], "rotation": 180, "texture": "#1"},
				"down": {"uv": [3, 12, 4, 9], "rotation": 180, "texture": "#1"}
			}
		},
		{
			"name": "Right Leg",
			"from": [7.9, 0, 3.9],
			"to": [10.1, 2.2, 10.1],
			"rotation": {"angle": -22.5, "axis": "y", "origin": [8, 2, 11]},
			"faces": {
				"north": {"uv": [6, 12, 7, 13], "rotation": 180, "texture": "#1"},
				"east": {"uv": [7, 13, 6, 16], "rotation": 270, "texture": "#1"},
				"south": {"uv": [5, 12, 6, 13], "rotation": 180, "texture": "#1"},
				"west": {"uv": [4, 16, 5, 13], "rotation": 270, "texture": "#1"},
				"up": {"uv": [6, 13, 5, 16], "rotation": 180, "texture": "#1"},
				"down": {"uv": [7, 16, 8, 13], "rotation": 180, "texture": "#1"}
			}
		},
		{
			"name": "Right Leg Layer",
			"from": [7.8, -0.1, 3.8],
			"to": [10.2, 2.3, 10.2],
			"rotation": {"angle": -22.5, "axis": "y", "origin": [8, 2, 11]},
			"faces": {
				"north": {"uv": [2, 12, 3, 13], "rotation": 180, "texture": "#1"},
				"east": {"uv": [3, 13, 2, 16], "rotation": 270, "texture": "#1"},
				"south": {"uv": [1, 12, 2, 13], "rotation": 180, "texture": "#1"},
				"west": {"uv": [0, 16, 1, 13], "rotation": 270, "texture": "#1"},
				"up": {"uv": [2, 13, 1, 16], "rotation": 180, "texture": "#1"},
				"down": {"uv": [3, 16, 4, 13], "rotation": 180, "texture": "#1"}
			}
		},
		{
			"name": "Body",
			"from": [5.6, 0, 9.6],
			"to": [10.4, 6, 12.4],
			"rotation": {"angle": 0, "axis": "y", "origin": [5, 0, 8]},
			"faces": {
				"north": {"uv": [5, 5, 7, 8], "texture": "#1"},
				"east": {"uv": [4, 5, 5, 8], "texture": "#1"},
				"south": {"uv": [8, 5, 10, 8], "texture": "#1"},
				"west": {"uv": [7, 5, 8, 8], "texture": "#1"},
				"up": {"uv": [5, 5, 7, 4], "texture": "#1"},
				"down": {"uv": [7, 5, 9, 4], "texture": "#1"}
			}
		},
		{
			"name": "Body Layer",
			"from": [5.5, -0.1, 9.5],
			"to": [10.5, 6.1, 12.5],
			"rotation": {"angle": 0, "axis": "y", "origin": [5, 0, 8]},
			"faces": {
				"north": {"uv": [5, 9, 7, 12], "texture": "#1"},
				"east": {"uv": [4, 9, 5, 12], "texture": "#1"},
				"south": {"uv": [8, 9, 10, 12], "texture": "#1"},
				"west": {"uv": [7, 9, 8, 12], "texture": "#1"},
				"up": {"uv": [5, 9, 7, 8], "texture": "#1"},
				"down": {"uv": [7, 9, 9, 8], "texture": "#1"}
			}
		}
	],
	"display": {
		"thirdperson_righthand": {
			"rotation": [70, 0, 0],
			"translation": [0, 3.25, 1.75],
			"scale": [0.65, 0.65, 0.65]
		},
		"thirdperson_lefthand": {
			"rotation": [70, 0, 0],
			"translation": [0, 3.25, 1.75],
			"scale": [0.65, 0.65, 0.65]
		},
		"firstperson_righthand": {
			"rotation": [0, 120, 0],
			"translation": [1.75, 3.75, 0],
			"scale": [0.5, 0.5, 0.5]
		},
		"firstperson_lefthand": {
			"rotation": [0, 120, 0],
			"translation": [1.75, 3.75, 0],
			"scale": [0.5, 0.5, 0.5]
		},
		"ground": {
			"translation": [0, 2.25, 0],
			"scale": [0.75, 0.75, 0.75]
		},
		"gui": {
			"rotation": [30, 150, 0],
			"translation": [-0.5, 0.5, 0],
			"scale": [0.85, 0.85, 0.85]
		},
		"head": {
			"translation": [0, 16, -2.5],
			"scale": [1.2, 1.2, 1.2]
		},
		"fixed": {
			"translation": [0, 1.5, -3],
			"scale": [1.1, 1.1, 1.1]
		}
	},
	"groups": [
		{
			"name": "root",
			"origin": [8, 8, 8],
			"color": 0,
			"children": [
				{
					"name": "Head",
					"origin": [0, 0, 0],
					"color": 0,
					"children": [0, 1]
				},
				{
					"name": "Arm",
					"origin": [0, 0, 0],
					"color": 0,
					"children": [
						{
							"name": "Left Arm",
							"origin": [0, 0, 0],
							"color": 0,
							"children": [2, 3]
						},
						{
							"name": "RightArm",
							"origin": [0, 0, 0],
							"color": 0,
							"children": [4, 5]
						}
					]
				},
				{
					"name": "Left Leg",
					"origin": [0, 0, 0],
					"color": 0,
					"children": [6, 7]
				},
				{
					"name": "Right Leg",
					"origin": [0, 0, 0],
					"color": 0,
					"children": [8, 9]
				},
				{
					"name": "Body",
					"origin": [0, 0, 0],
					"color": 0,
					"children": [10, 11]
				}
			]
		}
	]
}